[
  { "id": 1, "title": "GO!", "artist": "CORTIS" },
  { "id": 2, "title": "Espresso", "artist": "Sabrina Carpenter" },
  { "id": 3, "title": "Blue Valentine", "artist": "NMIXX" },
  { "id": 4, "title": "결국 (Feat. ROSÉ of BLACKPINK)", "artist": "G-DRAGON, ROSÉ" },
  { "id": 5, "title": "Shameless", "artist": "Camila Cabello" },
  { "id": 6, "title": "All I Wanna Do (K)", "artist": "박재범, Hoody, Loco" },
  { "id": 7, "title": "Girl", "artist": "Alexander 23" },
  { "id": 8, "title": "Treat You Better", "artist": "Shawn Mendes" },
  { "id": 9, "title": "On the Low", "artist": "Justin Park" },
  { "id": 10, "title": "toxic till the end", "artist": "ROSÉ" },
  { "id": 11, "title": "Lose My Mind (feat. Doja Cat)", "artist": "Don Toliver, Doja Cat" },
  { "id": 12, "title": "POWER", "artist": "G-DRAGON" },
  { "id": 13, "title": "HOME SWEET HOME (feat. 태양, 대성)", "artist": "G-DRAGON, 태양, 대성" },
  { "id": 14, "title": "Eatin' Good", "artist": "Woodcamp" },
  { "id": 15, "title": "Airpods", "artist": "Astrid S" },
  { "id": 16, "title": "Señorita", "artist": "Shawn Mendes, Camila Cabello" },
  { "id": 17, "title": "Flower", "artist": "Johnny Stimson" },
  { "id": 18, "title": "Can I Love ? (feat. youra, Meego)", "artist": "Cosmic Boy, Meego, youra" },
  { "id": 19, "title": "That's Hilarious", "artist": "Charlie Puth" },
  { "id": 20, "title": "Square (2017)", "artist": "백예린" },
  { "id": 21, "title": "MUTT", "artist": "Leon Thomas" },
  { "id": 22, "title": "Tango", "artist": "ABIR" },
  { "id": 23, "title": "West Coast Love", "artist": "Emotional Oranges" },
  { "id": 24, "title": "pocket locket", "artist": "Alaina Castillo" },
  { "id": 25, "title": "JASMINE", "artist": "DPR LIVE" },
  { "id": 26, "title": "KISS ME", "artist": "DPR LIVE" },
  { "id": 27, "title": "Snowman", "artist": "Sia" },
  { "id": 28, "title": "검정색하트 (feat. Leellamarz, BE'O)", "artist": "TOIL, Leellamarz, BE'O" },
  { "id": 29, "title": "Error", "artist": "ASH ISLAND, 루피" },
  { "id": 30, "title": "Enchanted Propaganda", "artist": "Jvcki Wai" },
  { "id": 31, "title": "굽 (feat. 로꼬)", "artist": "NO:EL, 로꼬" },
  { "id": 32, "title": "? (물음표) (Feat. 최자 of 다이나믹듀오)", "artist": "프라이머리, 최자, Zion.T" },
  { "id": 33, "title": "하지마", "artist": "Leellamarz, TOIL" }
]